{
    "parameters": {
        "k_10": 400000000000000.0,
        "E_1": 128000.0,
        "k_20": 1e+84,
        "E_2": 800000.0,
        "H_1": -45400,
        "H_2": -320000.0,
        "rho": 12.4,
        "C_p": 254,
        "A": 5.3,
        "T_c": 373,
        "V": 4000
    },
    "inlet": {
        "F_A0": 1075,
        "F_S0": 750,
        "F_B0": 1275,
        "F": 3100,
        "v_0": 250.0,
        "C_A0": 4.3,
        "C_B0": 5.1,
        "C_S0": 3.0
    },
    "steady_state": {
        "T_0": 410,
        "U": 14656.0,
        "T": 460.3182315699554,
        "C_A": 0.2116701379629191,
        "C_S": 2.9999920948240835
    },
    "state_space": {
        "around_U": {
            "A": [
                [
                    -1.5222372710908647,
                    0.0,
                    -0.018565623702439697
                ],
                [
                    0.0,
                    -0.06250016469159893,
                    -2.2436503160468797e-07
                ],
                [
                    21.041424976989223,
                    1.6732699916477283e-05,
                    0.1989719052898386
                ]
            ],
            "b": [
                [
                    0.0
                ],
                [
                    0.0
                ],
                [
                    -3.673376201110965e-05
                ]
            ],
            "c": [
                [
                    0.0,
                    0.0,
                    1.0
                ]
            ],
            "d": 0
        },
        "around_T_0": {
            "A": [
                [
                    -1.5222372710908647,
                    0.0,
                    -0.018565623702439697
                ],
                [
                    0.0,
                    -0.06250016469159893,
                    -2.2436503160468797e-07
                ],
                [
                    21.041424976989223,
                    1.6732699916477283e-05,
                    0.1989719052898386
                ]
            ],
            "b": [
                [
                    0.0
                ],
                [
                    0.0
                ],
                [
                    0.0625
                ]
            ],
            "c": [
                [
                    0.0,
                    0.0,
                    1.0
                ]
            ],
            "d": 0
        }
    }
}